task,number_of_times_timed,total_time,average_time
wash dishes,2,265.8088369369507,132.90441846847534
walk dogs,3,361.3608567714691,120.45361892382304
get mail,1,84.15358424186707,84.15358424186707
fold laundry,1,67.12194681167603,67.12194681167603
feed the cat,1,12.47929310798645,12.47929310798645
make the bed,1,17.24963927268982,17.24963927268982
clean the bathroom,1,25.795193672180176,25.795193672180176